Название,Infiniti FX,"
",Цена,"

$ 11 500
                                                                                                                                         
                                                                                                                                                                                         1 019 475 сом
                                                                                                                                                                
","
",Просмотры,"
6113 3 2 ","
",Картины,"
",https://im.mashina.kg/tachka/images//0/e/2/0e2fc3986dc615e471bb07c779d09866_240x180.jpg,"
",Описание,"
","

2004 г., 4.5 л., автомат                            


                                            
                                                            внедорожник 5 дв., бензин                                                    

                        руль слева, 150 000 км                        
"
Название,Infiniti Q50,"
",Цена,"

$ 15 080
                                                                                                                                         
                                                                                                                                                                                         1 336 842 сом
                                                                                                                                                                
","
",Просмотры,"
3570 5 ","
",Картины,"
",https://im.mashina.kg/tachka/images//c/5/5/c5526a849f55bb6c90fff6946dcc9095_240x180.jpg,"
",Описание,"
","

2017 г., 3 л., автомат                            


                                            
                                                            седан, бензин                                                    

                        руль слева, 143 861 км                        
"
Название,Infiniti QX80,"
",Цена,"

$ 31 000
                                                                                                                                         
                                                                                                                                                                                         2 748 150 сом
                                                                                                                                                                
","
",Просмотры,"
1392 4 ","
",Картины,"
",https://im.mashina.kg/tachka/images//6/e/3/6e3c5941e276c0178a9cffed4fb484e7_240x180.jpg,"
",Описание,"
","

2018 г., 5.6 л., автомат                            


                                            
                                                            внедорожник 5 дв., бензин                                                    

                        руль слева, 236 573 км                        
"
Название,Infiniti QX,"
",Цена,"

$ 28 201
                                                                                                                                         
                                                                                                                                                                                         2 500 000 сом
                                                                                                                                                                
","
",Просмотры,"
12 ","
",Картины,"
",https://im.mashina.kg/tachka/images//2/5/3/253723c4ce5dfbcd7df8ae7f021dcb05_240x180.jpg,"
",Описание,"
","

2011 г., 5.6 л., автомат                            


                                            
                                                            внедорожник 5 дв., бензин                                                    

                        руль слева, 166 236 км                        
"
Название,Infiniti QX,"
",Цена,"

$ 9 000
                                                                                                                                         
                                                                                                                                                                                         797 850 сом
                                                                                                                                                                
","
",Просмотры,"
371 1 ","
",Картины,"
",https://im.mashina.kg/tachka/images//8/4/2/8427324e58cf2db6fae1fb4b382cbe3a_240x180.jpg,"
",Описание,"
","

2001 г., 3.5 л., автомат                            


                                            
                                                            внедорожник 5 дв., бензин                                                    

                        руль слева, 230 000 км                        
"
Название,Infiniti G,"
",Цена,"

$ 5 500
                                                                                                                                         
                                                                                                                                                                                         487 575 сом
                                                                                                                                                                
","
",Просмотры,"
2054 29 ","
",Картины,"
",https://im.mashina.kg/tachka/images//5/4/b/54be2a8cd1b51ded5497c5636cc95a54_240x180.jpg,"
",Описание,"
","

2004 г., 3.5 л., автомат                            


                                            
                                                            седан, бензин                                                    

                        руль слева, 116 000 км                        
"
Название,Infiniti M,"
",Цена,"

$ 13 000
                                                                                                                                         
                                                                                                                                                                                         1 152 450 сом
                                                                                                                                                                
","
",Просмотры,"
1483 7 ","
",Картины,"
",https://im.mashina.kg/tachka/images//b/5/7/b57f77233ca03be420ca43c9fde7c94e_240x180.jpg,"
",Описание,"
","

2011 г., 3.7 л., автомат                            


                                            
                                                            седан, бензин                                                    

                        руль слева, 150 000 км                        
"
Название,Infiniti FX,"
",Цена,"

$ 15 500
                                                                                                                                         
                                                                                                                                                                                         1 374 075 сом
                                                                                                                                                                
","
",Просмотры,"
941 2 ","
",Картины,"
",https://im.mashina.kg/tachka/images//4/5/5/455049f1520baf9686f812360b260547_240x180.jpg,"
",Описание,"
","

2009 г., 3.5 л., автомат                            


                                            
                                                            внедорожник 5 дв., бензин                                                    

                        руль слева, 210 000 км                        
"
Название,Infiniti FX,"
",Цена,"

$ 10 800
                                                                                                                                         
                                                                                                                                                                                         957 420 сом
                                                                                                                                                                
","
",Просмотры,"
2061 9 ","
",Картины,"
",https://im.mashina.kg/tachka/images//a/8/8/a88a68d4bfa3ab106f087d7eed40d7dd_240x180.jpg,"
",Описание,"
","

2003 г., 4.5 л., автомат                            


                                            
                                                            внедорожник 5 дв., бензин                                                    

                        руль слева, 177 000 км                        
"
Название,Infiniti FX,"
",Цена,"

$ 14 500
                                                                                                                                         
                                                                                                                                                                                         1 285 425 сом
                                                                                                                                                                
","
",Просмотры,"
1211 6 1 ","
",Картины,"
",https://im.mashina.kg/tachka/images//9/7/8/978259c66bc22f2d562c055b22f6c12a_240x180.jpg,"
",Описание,"
","

2008 г., 3.5 л., автомат                            


                                            
                                                            внедорожник 5 дв., бензин                                                    

                        руль слева, 200 000 км                        
"
Название,Infiniti FX,"
",Цена,"

$ 9 500
                                                                                                                                         
                                                                                                                                                                                         842 175 сом
                                                                                                                                                                
","
",Просмотры,"
820 4 ","
",Картины,"
",https://im.mashina.kg/tachka/images//0/7/7/077b07240d813894e112c1ec59f4ed50_240x180.jpg,"
",Описание,"
","

2004 г., 3.5 л., автомат                            


                                            
                                                            внедорожник 5 дв., бензин                                                    

                        руль слева, 130 000 км                        
"
Название,Infiniti M,"
",Цена,"

$ 8 900
                                                                                                                                         
                                                                                                                                                                                         788 985 сом
                                                                                                                                                                
","
",Просмотры,"
1889 6 1 ","
",Картины,"
",https://im.mashina.kg/tachka/images//6/d/3/6d350810a5cd42bd8bdde8b4c24e96ac_240x180.jpg,"
",Описание,"
","

2007 г., 3.5 л., автомат                            


                                            
                                                            седан, бензин                                                    

                        руль слева, 240 423 км                        
"
Название,Infiniti FX,"
",Цена,"

$ 12 500
                                                                                                                                         
                                                                                                                                                                                         1 108 125 сом
                                                                                                                                                                
","
",Просмотры,"
1336 12 2 ","
",Картины,"
",https://im.mashina.kg/tachka/images//f/7/e/f7e6a7da69dc4e4b6d767b1c8c8ca49a_240x180.jpg,"
",Описание,"
","

2006 г., 3.5 л., автомат                            


                                            
                                                            внедорожник 5 дв., бензин                                                    

                        руль слева, 117 000 км                        
"
Название,Infiniti QX80,"
",Цена,"

$ 50 000
                                                                                                                                         
                                                                                                                                                                                         4 432 500 сом
                                                                                                                                                                
","
",Просмотры,"
1200 6 ","
",Картины,"
",https://im.mashina.kg/tachka/images//5/9/6/5965d2c1908adeb7c1349c0df9b0995d_240x180.jpg,"
",Описание,"
","

2017 г., 5.6 л., автомат                            


                                            
                                                            внедорожник 5 дв., бензин                                                    

                        руль слева, 87 000 км                        
"
Название,Infiniti QX,"
",Цена,"

$ 10 000
                                                                                                                                         
                                                                                                                                                                                         886 500 сом
                                                                                                                                                                
","
",Просмотры,"
1376 4 ","
",Картины,"
",https://im.mashina.kg/tachka/images//9/5/d/95d97713368f90cedc0cdbb4a2812c1c_240x180.jpg,"
",Описание,"
","

2004 г., 5.6 л., автомат                            


                                            
                                                            внедорожник 5 дв., бензин                                                    

                        руль слева, 187 000 км                        
"
Название,Infiniti FX,"
",Цена,"

$ 9 500
                                                                                                                                         
                                                                                                                                                                                         842 175 сом
                                                                                                                                                                
","
",Просмотры,"
572 3 ","
",Картины,"
",https://im.mashina.kg/tachka/images//9/6/7/967259bc2446214f005c23cf123e9f38_240x180.jpg,"
",Описание,"
","

2004 г., 4.5 л., автомат                            


                                            
                                                            внедорожник 5 дв., бензин                                                    

                        руль слева, 189 000 км                        
"
Название,Infiniti QX,"
",Цена,"

$ 10 500
                                                                                                                                         
                                                                                                                                                                                         930 825 сом
                                                                                                                                                                
","
",Просмотры,"
1221 8 ","
",Картины,"
",https://im.mashina.kg/tachka/images//1/c/5/1c56a0b94bd0f0ef69ebf880e9ba4075_240x180.jpg,"
",Описание,"
","

2001 г., 3.5 л., автомат                            


                                            
                                                            внедорожник 5 дв., бензин                                                    

                        руль слева, 232 000 км                        
"
Название,Infiniti QX,"
",Цена,"

$ 26 000
                                                                                                                                         
                                                                                                                                                                                         2 304 900 сом
                                                                                                                                                                
","
",Просмотры,"
99 1 ","
",Картины,"
",https://im.mashina.kg/tachka/images//7/8/b/78b8b3514468d21856b91baf7e29205d_240x180.jpg,"
",Описание,"
","

2010 г., 5.6 л., автомат                            


                                            
                                                            внедорожник 5 дв., бензин                                                    

                        руль слева, 170 000 км                        
"
Название,Infiniti QX,"
",Цена,"

$ 7 200
                                                                                                                                         
                                                                                                                                                                                         638 280 сом
                                                                                                                                                                
","
",Просмотры,"
1378 2 4 ","
",Картины,"
",https://im.mashina.kg/tachka/images//9/8/0/980f7e9914a8b42b610e228c4fdb0726_240x180.jpg,"
",Описание,"
","

1999 г., 3.3 л., автомат                            


                                            
                                                            внедорожник 5 дв., бензин                                                    

                        руль слева, 230 000 км                        
"
Название,Infiniti FX,"
",Цена,"

$ 5 500
                                                                                                                                         
                                                                                                                                                                                         487 575 сом
                                                                                                                                                                
","
",Просмотры,"
1030 7 7 ","
",Картины,"
",https://im.mashina.kg/tachka/images//d/1/a/d1a8b3a09ff5c29893d481b0dbc0c92e_240x180.jpg,"
",Описание,"
","

2004 г., 3.5 л., автомат                            


                                            
                                                            внедорожник 5 дв., бензин                                                    

                        руль слева, 160 000 км                        
"
